qstat;i2stat;Wald_stat;Wald_pvalue
318.254708846693;39.3567495986461;16.7434065059321;0.0102739956978837
473.48656148489;57.9713520535998;0.418698031874123;0.811112095188056
488.163395931071;58.8252618538442;NA;NA
